chr1	69270	rs201219564	A	G	53	PASS,VQSRTrancheSNP99.00to99.90	36.42	134.59	2	0	51	4	102	OR4F5
chr1	69510	.	C	T	265	LowQual	33.12	103.15	261	4	0	526	4	OR4F5
chr1	69511	rs2691305	A	G	259	PASS,VQSRTrancheSNP99.00to99.90	32.97	102.98	4	25	230	33	485	OR4F5
chr1	69513	rs770590115	A	G	269	LowQual	32.41	102.52	261	8	0	530	8	OR4F5
chr1	69849	rs776815449	G	A	49	LowQual,VQSRTrancheSNP99.90to100.00	175.65	515.86	35	14	0	84	14	OR4F5
chr1	69876	rs568270584	A	G	52	LowQual,VQSRTrancheSNP99.00to99.90	285.48	623.36	51	1	0	103	1	OR4F5
chr1	69897	rs200676709	T	C	47	PASS,VQSRTrancheSNP99.90to100.00	48.15	142.56	7	19	21	33	61	OR4F5
chr1	861315	rs200140498	G	A	1207	PASS	103.53	50.24	1194	12	1	2400	14	SAMD11
chr1	865545	rs201186828	G	A	1178	PASS	169.54	84.40	1131	47	0	2309	46,1	SAMD11
chr1	865545	rs201186828	G	C	1178	PASS	169.54	84.40	1131	47	0	2309	46,1	SAMD11
